drug_usage_id,dosage_form
|1*1A,CAP
|1*1H,CAP
|1*1PD,CAP
|1*2P,CAP
|1/2*1A,CAP
|1/2*1PAD,CAP
|1/2*1PD,CAP
|2*1PD,CAP
IH|1*1,CAP
IH|1*B,CAP
O|1*1,CAP
O|1*1/W,CAP
O|1*1A,CAP
O|1*1A1/2,CAP
O|1*1C,CAP
O|1*1H,CAP
O|1*1HAD,CAP
O|1*1M,CAP
O|1*1P,CAP
O|1*1PAD,CAP
O|1*1PD,CAP
O|1*1W,CAP
O|1*2A,CAP
O|1*2A1/2,CAP
O|1*2A15,CAP
O|1*2C,CAP
O|1*2P,CAP
O|1*2PBH,CAP
O|1*2PLD,CAP
O|1*3A,CAP
O|1*3P,CAP
O|1*4A,CAP
O|1*DOC,CAP
O|1*H,CAP
O|1*PRN,CAP
O|1*Q1W,CAP
O|1/2-1*H,CAP
O|1/2*1,CAP
O|1/2*1A1/2,CAP
O|1/2*1AD,CAP
O|1/2*1H,CAP
O|1/2*1P,CAP
O|1/2*1PD,CAP
O|1/2*2,CAP
O|1/2*2P,CAP
O|1/2*H,CAP
O|1/2*PRN,CAP
O|1/4*1A1/2,CAP
O|1/4*1H,CAP
O|1/4*1P,CAP
O|1/4*2P,CAP
O|1/4*B,CAP
O|1/4*H,CAP
O|1/4*Q8,CAP
O|11/2*1P,CAP
O|2*1H,CAP
O|2*1P,CAP
O|2*1PL,CAP
O|2*2P,CAP
O|2*H,CAP
O|2*Q8,CAP
O|3*3P,CAP
O|3/4*1P,CAP
O|3/4*2P,CAP
O|4*1H,CAP
O|4*H,CAP
O|S*1A1/2,CAP
OP|1*1A1/2,CAP
OP|2*1A1/2,CAP
OP|2*2A1/2,CAP
OP|3*1A1/2,CAP
OP|3*2A1/2,CAP
OP|4*1A1/2,CAP
OP|4*2A,CAP
OP|4*2A1/2,CAP
OP|5*1A1/2,CAP
OP|6*1A1/2,CAP
OP|7*1A1/2,CAP
OP|9*1A1/2,CAP
SL|1*1,CAP
SL|1/2*1,CAP
SL|1/2*1P,CAP
|*1P,cc
|*2P,cc
|*H,cc
|0.5*1C,cc
|0.5*1P,cc
|1.5*2P,cc
|1*1P,cc
|2.5*1P,cc
|2.5*2P,cc
|2*1P,cc
|4*2P,cc
|5*1P,cc
|5*2P,cc
|5*Q1W,cc
EC|5*5,cc
EC|6*4P,cc
EC|8*4,cc
NS|0.5*2,cc
null|7*4P,cc
O|-*1H,cc
O|-*2P,cc
O|-*3A1/2,cc
O|-*3P,cc
O|*1,cc
O|*1A,cc
O|*1H,cc
O|*1P,cc
O|*2,cc
O|*2P,cc
O|*2P1,cc
O|*2PBH,cc
O|*3A,cc
O|*3A1,cc
O|*3A1/2,cc
O|*3P,cc
O|*4P,cc
O|*H,cc
O|*Q12,cc
O|*Q6,cc
O|*Q8,cc
O|0.1*2PBH,cc
O|0.2*1P,cc
O|0.2*2P,cc
O|0.25*1H,cc
O|0.25*1P,cc
O|0.25*1PD,cc
O|0.25*2P,cc
O|0.25*2PBH,cc
O|0.25*H,cc
O|0.3*1P,cc
O|0.3*1PD,cc
O|0.3*2P,cc
O|0.3*3P,cc
O|0.3*Q4,cc
O|0.3*Q6,cc
O|0.4*1P,cc
O|0.5*1A,cc
O|0.5*1H,cc
O|0.5*1P,cc
O|0.5*2P,cc
O|0.5*2PBH,cc
O|0.5*3A,cc
O|0.5*3P,cc
O|0.5*H,cc
O|0.5*Q12,cc
O|0.6*1P,cc
O|0.6*2P,cc
O|0.6*3P,cc
O|0.6*4P,cc
O|0.65*Q12,cc
O|0.7*1,cc
O|0.7*1A,cc
O|0.7*1AD,cc
O|0.7*1P,cc
O|0.8*1P,cc
O|0.8*2P,cc
O|0.9*1P,cc
O|0.9*3P,cc
O|1.2*1H,cc
O|1.2*1P,cc
O|1.2*2P,cc
O|1.2*3P,cc
O|1.2*H,cc
O|1.25*2P,cc
O|1.25*3P,cc
O|1.3*3P,cc
O|1.3*4P,cc
O|1.3*Q12,cc
O|1.4*2P,cc
O|1.5*1H,cc
O|1.5*1P,cc
O|1.5*2P,cc
O|1.5*3A1/2,cc
O|1.5*3P,cc
O|1.5*4P,cc
O|1.7*1H,cc
O|1.7*1P,cc
O|1.7*2P,cc
O|1.75*3P,cc
O|1.8*3P,cc
O|1*1A,cc
O|1*1A1/2,cc
O|1*1H,cc
O|1*1P,cc
O|1*1PC,cc
O|1*2P,cc
O|1*2PBH,cc
O|1*3A1/2,cc
O|1*3P,cc
O|1*4P,cc
O|1*H,cc
O|1*Q8,cc
O|10*1,cc
O|10*1H,cc
O|10*1P,cc
O|10*2,cc
O|10*2P,cc
O|10*3P,cc
O|10*3P1,cc
O|10*4A,cc
O|10*4P,cc
O|10*H,cc
O|10*PRN,cc
O|10*Q8,cc
O|11.5*2P,cc
O|11*Q12,cc
O|12*1H,cc
O|12*1P,cc
O|12*2P,cc
O|12*5,cc
O|13*2P,cc
O|15*1H,cc
O|15*1P,cc
O|15*1PD,cc
O|15*2P,cc
O|15*3P,cc
O|15*4A,cc
O|15*D,cc
O|15*H,cc
O|15*Q8,cc
O|2.3*1P,cc
O|2.4*3P,cc
O|2.5*1,cc
O|2.5*1H,cc
O|2.5*1P,cc
O|2.5*1PD,cc
O|2.5*2,cc
O|2.5*2P,cc
O|2.5*2PBH,cc
O|2.5*3A,cc
O|2.5*3A1/2,cc
O|2.5*3P,cc
O|2.5*4A,cc
O|2.5*4P,cc
O|2.5*DOC,cc
O|2.5*H,cc
O|2.5*Q12,cc
O|2.5*Q8,cc
O|2.6*1H,cc
O|2.6*2,cc
O|2.8*1P,cc
O|2*1,cc
O|2*1A,cc
O|2*1H,cc
O|2*1P,cc
O|2*1PC,cc
O|2*2D,cc
O|2*2P,cc
O|2*2PBH,cc
O|2*3A1/2,cc
O|2*3P,cc
O|2*H,cc
O|2*HS,cc
O|2*Q8,cc
O|20*1,cc
O|20*1H,cc
O|20*2P,cc
O|20*3A,cc
O|20*3P,cc
O|20*H,cc
O|25*1H,cc
O|3.2*1H,cc
O|3.2*1P,cc
O|3.5*1H,cc
O|3.5*1P,cc
O|3.5*2P,cc
O|3.5*2PBH,cc
O|3.5*3A1/2,cc
O|3.5*3P,cc
O|3.5*4P,cc
O|3.5*H,cc
O|3.5*Q4,cc
O|3.5*Q6,cc
O|3.6*2P,cc
O|3*1,cc
O|3*1A,cc
O|3*1H,cc
O|3*1P,cc
O|3*1PC,cc
O|3*2,cc
O|3*2A1/2,cc
O|3*2P,cc
O|3*2PBH,cc
O|3*3A1/2,cc
O|3*3P,cc
O|3*4P,cc
O|3*H,cc
O|3*HS,cc
O|3*PRN,cc
O|3*Q8,cc
O|30*1H,cc
O|30*1PD,cc
O|30*2P,cc
O|30*3A,cc
O|30*3P,cc
O|30*3P1,cc
O|30*H,cc
O|35*2P,cc
O|4.4*2P,cc
O|4.5*1H,cc
O|4.5*1P,cc
O|4.5*2P,cc
O|4.5*3P,cc
O|4.5*H,cc
O|4*1A,cc
O|4*1H,cc
O|4*1P,cc
O|4*1PC,cc
O|4*1T,cc
O|4*2A,cc
O|4*2P,cc
O|4*2PBH,cc
O|4*3A1/2,cc
O|4*3P,cc
O|4*4A1/2,cc
O|4*4P,cc
O|4*H,cc
O|4*HS,cc
O|4*PRN,cc
O|4*Q6,cc
O|4*Q8,cc
O|5.5*2P,cc
O|5.5*3P,cc
O|5*1,cc
O|5*1A,cc
O|5*1H,cc
O|5*1P,cc
O|5*1PC,cc
O|5*2,cc
O|5*2A,cc
O|5*2P,cc
O|5*3A,cc
O|5*3A1/2,cc
O|5*3P,cc
O|5*4P,cc
O|5*H,cc
O|5*HS,cc
O|5*Q6,cc
O|5*Q8,cc
O|50*1PD,cc
O|55*3P,cc
O|6.5*1H,cc
O|6.5*2P,cc
O|6*1H,cc
O|6*1P,cc
O|6*2,cc
O|6*2P,cc
O|6*3A1/2,cc
O|6*3P,cc
O|6*H,cc
O|6*Q12,cc
O|6*Q8,cc
O|7.5*1A,cc
O|7.5*1H,cc
O|7.5*1P,cc
O|7.5*2P,cc
O|7.5*3A1/2,cc
O|7.5*3P,cc
O|7.5*4A,cc
O|7.5*H,cc
O|7*1A,cc
O|7*1H,cc
O|7*1P,cc
O|7*2P,cc
O|7*3A1/2,cc
O|7*3P,cc
O|7*H,cc
O|75*Q8,cc
O|8.5*2P,cc
O|8*2P,cc
O|8*4A,cc
O|8*H,cc
O|9*1,cc
O|9*1H,cc
O|9*2P,cc
O|9*3P,cc
ON|-*3P,cc
ON|1*4P,cc
ON|3*3A,cc
ON|4*4P,cc
SC|0.6*Q12,cc
BE|1-2*1,DROP
BE|1-2*1H,DROP
BE|1-2*2,DROP
BE|1-2*4,DROP
BE|1-2*PRN,DROP
BE|1*1,DROP
BE|1*1H,DROP
BE|1*2,DROP
BE|1*3,DROP
BE|1*4,DROP
BE|1*B,DROP
BE|1*H,DROP
BE|1*OD,DROP
BE|1*PRN,DROP
BE|1*Q2,DROP
BE|1*Q3,DROP
BE|1*Q4,DROP
BE|1*Q6,DROP
BE|2*2,DROP
BE|2*4,DROP
BE|2*H,DROP
BE|3-5*3,DROP
ND|*Q6,DROP
ND|1-2*2,DROP
ND|1-2*2D,DROP
ND|1-2*3,DROP
ND|1-2*4,DROP
ND|1-2*Q4,DROP
ND|1-2*Q6,DROP
ND|1-2*Q8,DROP
ND|1*1H,DROP
ND|1*2,DROP
ND|1*3,DROP
ND|1*4,DROP
ND|1*DOC,DROP
ND|1*H,DROP
ND|1*PRN,DROP
ND|1*Q12,DROP
ND|1*Q6,DROP
ND|1*Q8,DROP
ND|2-3*PRN,DROP
ND|2*2,DROP
ND|2*3,DROP
ND|2*Q12,DROP
ND|3-4*2,DROP
ND|3-5*2,DROP
ND|3-5*3,DROP
ND|3-5*4,DROP
ND|3-5*DOC,DROP
ND|3-5*Q2,DROP
ND|3-5*Q3,DROP
ND|3*2D,DROP
ND|3*Q3,DROP
ND|5*3,DROP
ND|5*Q3,DROP
ND|5*Q4,DROP
O|-*HKT2,DROP
O|4*HKT2,DROP
OD|1*2,DROP
OD|1*3,DROP
OD|1*4,DROP
OD|1*Q6,DROP
OD|2-3*4,DROP
OD|3-4*2,DROP
OD|3-4*4,DROP
OD|3-5*2,DROP
OD|3*1H,DROP
|*1W,MG
|15*1W,MG
|150*DOC,MG
IJ|*1W,MG
IJ|*Q12,MG
IJ|10*1W,MG
IJ|15*1W,MG
IJ|20*1W,MG
IJ|20*Q2W,MG
IJ|3.75*Q4,MG
IM|*1M,MG
IM|150*Q2W,MG
O|0.6*Q12,MG
O|0.6*Q8,MG
O|12*Q8,MG
O|5*Q8,MG
O|6*Q8,MG
SC|*1H,MG
SC|0.35*1,MG
SC|0.4*H,MG
SC|0.5*1H,MG
SC|0.6*DOC,MG
SC|0.65*1H,MG
SC|0.65*H,MG
SC|0.66*1H,MG
SC|0.8*H,MG
SC|1*1H,MG
SC|1*H,MG
SC|20*Q12,MG
SC|25*Q3W,MG
SC|75*1,MICROGRAM
IM|0.5*DOC,ML
O|0.7*1PAD,ML
SC|*B,ML
SC|0.06*1,ML
SC|0.5*DOC,ML
SC|0.6*Q12,ML
O|1*1H,PACK
O|1*1P,PACK
O|1*2P,PACK
O|1*3P,PACK
O|1/2*1H,PACK
O|2*2P,PACK
O|2*3P,PACK
O|3*3P,PACK
OP|1*1A,PACK
OP|1*1AD,PACK
OP|1*1P,PACK
OP|1*1PD,PACK
OP|1*2,PACK
OP|1*2A,PACK
OP|1*2P,PACK
OP|1*3P,PACK
OP|1*D,PACK
OP|1*HS,PACK
OP|1*ORS,PACK
OP|1/2*1H,PACK
OP|1/2*1PD,PACK
OP|2*1PD,PACK
OP|2*2,PACK
OP|2*2A,PACK
OP|2*2P,PACK
OP|2*B,PACK
OP|3*1,PACK
OP|3*2P,PACK
OP|4*1,PACK
RN|4*2,PACK
RN|4*H,PACK
|7*4P,SPOON
|1*1P,TAB
|1*2P,TAB
|2*2P,TAB
CH|1*1H,TAB
CH|1*2A,TAB
CH|1*3A,TAB
CH|1*3P,TAB
CH|1*DOC,TAB
CH|1*H,TAB
CH|1/2*3P,TAB
CH|1/2*4P,TAB
O|-*1PSA/W,TAB
O|*1P,TAB
O|*1PAD,TAB
O|*1PSA/W,TAB
O|1*1,TAB
O|1*1A,TAB
O|1*1A1/2,TAB
O|1*1H,TAB
O|1*1HAD,TAB
O|1*1HS,TAB
O|1*1M,TAB
O|1*1P,TAB
O|1*1PAD,TAB
O|1*1PD,TAB
O|1*1PDAD,TAB
O|1*1PL,TAB
O|1*1T,TAB
O|1*2A,TAB
O|1*2ABH,TAB
O|1*2P,TAB
O|1*2PBH,TAB
O|1*2PBL,TAB
O|1*2PLD,TAB
O|1*3A,TAB
O|1*3A1/2,TAB
O|1*3P,TAB
O|1*3PBDH,TAB
O|1*3PBLH,TAB
O|1*4A,TAB
O|1*4A1/2,TAB
O|1*4P,TAB
O|1*DOC,TAB
O|1*H,TAB
O|1*HS,TAB
O|1*PRN,TAB
O|1*Q12,TAB
O|1*Q1W,TAB
O|1*Q24,TAB
O|1*Q2W,TAB
O|1*Q6,TAB
O|1*Q8,TAB
O|1/2-1*1H,TAB
O|1/2*1,TAB
O|1/2*1A,TAB
O|1/2*1C,TAB
O|1/2*1H,TAB
O|1/2*1HAD,TAB
O|1/2*1P,TAB
O|1/2*1PAD,TAB
O|1/2*1PD,TAB
O|1/2*1T,TAB
O|1/2*2A,TAB
O|1/2*2P,TAB
O|1/2*2PBH,TAB
O|1/2*2PBL,TAB
O|1/2*2PT,TAB
O|1/2*3A,TAB
O|1/2*3A1/2,TAB
O|1/2*3P,TAB
O|1/2*3PBLH,TAB
O|1/2*DOC,TAB
O|1/2*H,TAB
O|1/2*PRN,TAB
O|1/2*Q12,TAB
O|1/2*Q6,TAB
O|1/2*Q8,TAB
O|1/4*1A,TAB
O|1/4*1AD,TAB
O|1/4*1H,TAB
O|1/4*1P,TAB
O|1/4*1PD,TAB
O|1/4*2P,TAB
O|1/4*2PBL,TAB
O|1/4*3P,TAB
O|1/4*4P,TAB
O|1/4*Q6,TAB
O|1/4*Q8,TAB
O|10*1P,TAB
O|10*1PAD,TAB
O|10*2P,TAB
O|10*3P,TAB
O|11/4*1P,TAB
O|11/4*2A,TAB
O|11/4*H,TAB
O|12*1P,TAB
O|12*1PAD,TAB
O|15*2P,TAB
O|2*1A,TAB
O|2*1AD,TAB
O|2*1C,TAB
O|2*1H,TAB
O|2*1HS,TAB
O|2*1P,TAB
O|2*1PAD,TAB
O|2*1PD,TAB
O|2*1PL,TAB
O|2*1PSA/W,TAB
O|2*1T,TAB
O|2*2A,TAB
O|2*2P,TAB
O|2*2PBL,TAB
O|2*3,TAB
O|2*3A,TAB
O|2*3P,TAB
O|2*4A,TAB
O|2*4P,TAB
O|2*H,TAB
O|2*Q12,TAB
O|2*Q1W,TAB
O|2*Q8,TAB
O|3*1A1/2,TAB
O|3*1H,TAB
O|3*1P,TAB
O|3*1PD,TAB
O|3*1PSA/W,TAB
O|3*2P,TAB
O|3*3A,TAB
O|3*3P,TAB
O|3*H,TAB
O|3*Q12,TAB
O|3*Q1W,TAB
O|3/4*1A,TAB
O|3/4*1H,TAB
O|3/4*1P,TAB
O|3/4*2P,TAB
O|3/4*2PBL,TAB
O|3/4*3P,TAB
O|3/4*H,TAB
O|3/4*Q12,TAB
O|4*1A1/2,TAB
O|4*1P,TAB
O|4*1PAD,TAB
O|4*1PSA/W,TAB
O|4*2A,TAB
O|4*2P,TAB
O|4*3A,TAB
O|4*3P,TAB
O|4*Q1W,TAB
O|5*1A,TAB
O|5*1M,TAB
O|5*1P,TAB
O|5*1PSA/W,TAB
O|5*2P,TAB
O|5*3P,TAB
O|6*1P,TAB
O|6*1PAD,TAB
O|6*1PSA/W,TAB
O|6*2P,TAB
O|6*3P,TAB
O|7*3P,TAB
O|8*1P,TAB
O|8*1PAD,TAB
O|8*1PSA/W,TAB
O|8*Q6,TAB
O|9*1P,TAB
O|9*1PAD,TAB
O|9*2P,TAB
O|S*1M,TAB
O|S*1P,TAB
O|S*2P,TAB
O|S*3P,TAB
OM|1*2,TAB
OP|1*1H,TAB
OP|1*1P,TAB
OP|1*2P,TAB
OP|2*1A1/2,TAB
OP|3*1A1/2,TAB
OP|4*1A1/2,TAB
OP|4*2A1/2,TAB
OP|5*1A1/2,TAB
OP|6*1A1/2,TAB
OZ|1*1P,TAB
OZ|1*H,TAB
|1*3P,TableSpoon
O|1*4P1,TableSpoon
O|2*3A,TableSpoon
O|3*2P,TableSpoon
IH|1-2*Q6,time
IH|1*1,time
IH|1*1H,time
IH|1*1HAD,time
IH|1*2,time
IH|1*B,time
IH|1*D,time
IH|1*H,time
IH|1*Q15M,time
IH|1*Q4,time
IH|2-4*PRN,time
IH|2*1,time
IH|2*PRN,time
IH|2*Q6,time
IH|2*Q8,time
IH|6*DOC,time
IH|6*Q6,time
MS|1-2*2,time
MS|1-2*3,time
MS|1*2,time
MS|1*3,time
MS|1*H,time
MS|1*PRN,time
MS|2*PRN,time
NS|1-2*2,time
NS|1*1,time
NS|1*1H,time
NS|1*2,time
NS|1*B,time
NS|1*H,time
NS|1*Q8,time
SS|*OD,time
SS|1-2*2,time
SS|1*1,time
SS|1*1H,time
SS|1*2,time
SS|1*2BH,time
SS|1*2PBH,time
SS|1*3,time
SS|1*3W,time
SS|1*D,time
SS|1*DOC,time
SS|1*H,time
SS|1*PRN,time
SS|2-3*1,time
SS|2*1,time
SS|2*1H,time
SS|2*2,time
SS|2*H,time
TB|1*1,time
TB|1*1H,time
TB|1*2,time
TB|1*2BH,time
TB|1*D,time
TB|1*H,time
TB|1*PRN,time
|1*Q4,TUBE
R|1*H,TUBE
VC|1*2,TUBE
SC|*1AD,UNIT
SC|*1H,UNIT
SC|*2A,UNIT
SC|*3A,UNIT
SC|*DOC,UNIT
SC|*H,UNIT
SC|*Q2W,UNIT
SC|0.5-2*2A,UNIT
SC|1*1H,UNIT
SC|1*3,UNIT
SC|10-15*3,UNIT
SC|10*1A,UNIT
SC|10*1AD,UNIT
SC|10*1H,UNIT
SC|10*2A,UNIT
SC|12-15*2A,UNIT
SC|12*1H,UNIT
SC|12*D,UNIT
SC|12*H,UNIT
SC|14*1H,UNIT
SC|15*1A,UNIT
SC|16-22*2A,UNIT
SC|16*B,UNIT
SC|2*1H,UNIT
SC|20*1A,UNIT
SC|20*1H,UNIT
SC|20*DOC,UNIT
SC|21*H,UNIT
SC|22*1H,UNIT
SC|22*H,UNIT
SC|24*1A,UNIT
SC|24*1H,UNIT
SC|25*1H,UNIT
SC|26-28*H,UNIT
SC|26*1A,UNIT
SC|26*1H,UNIT
SC|28*1H,UNIT
SC|3.5-9.5*3A,UNIT
SC|3*1A,UNIT
SC|32*1H,UNIT
SC|36*1H,UNIT
SC|36*H,UNIT
SC|4-6*1A,UNIT
SC|4-6*2A,UNIT
SC|4*1A,UNIT
SC|42*1H,UNIT
SC|44*1H,UNIT
SC|5-10*DOC,UNIT
SC|5*1A,UNIT
SC|5*2A,UNIT
SC|6-13*3A,UNIT
SC|6*2A,UNIT
SC|7-8*1H,UNIT
SC|8-13*DOC,UNIT
SC|8*1A,UNIT
SC|8*1H,UNIT
SC|8*DOC,UNIT
|*1-2H,-
|*1/2S,-
|*1/M,-
|*1/WA,-
|*1/WA1,-
|*13S,-
|*1A1,-
|*1A15,-
|*1A2,-
|*1AAD,-
|*1AB,-
|*1AB1/M,-
|*1AB1/MD01,-
|*1AB1/MD02,-
|*1AB1/MD03,-
|*1AB1/MD04,-
|*1AB1/MD05,-
|*1AB1/MD06,-
|*1AB1/MD07,-
|*1AB1/MD08,-
|*1AB1/MD09,-
|*1AB1/MD10,-
|*1AB1/MD11,-
|*1AB1/MD12,-
|*1AB1/MD13,-
|*1AB1/MD14,-
|*1AB1/MD15,-
|*1AB1/MD16,-
|*1AB1/MD17,-
|*1AB1/MD18,-
|*1AB1/MD19,-
|*1AB1/MD20,-
|*1AB1/MD21,-
|*1AB1/MD22,-
|*1AB1/MD23,-
|*1AB1/MD24,-
|*1AB1/MD25,-
|*1AB1/MD26,-
|*1AB1/MD27,-
|*1AB1/MD28,-
|*1AB1/MD29,-
|*1AB1/MD30,-
|*1AB1/W,-
|*1AB1/W30,-
|*1AB2/M,-
|*1AB2/W,-
|*1AB3/W,-
|*1AB4/W,-
|*1AB5/W,-
|*1AB6/W,-
|*1AD1/M,-
|*1AD1/W,-
|*1AD2/M,-
|*1AD2/W,-
|*1AD3/W,-
|*1AD4/W,-
|*1AD5/W,-
|*1AD6/W,-
|*1ADAD,-
|*1AEOD,-
|*1AL,-
|*1AL1/M,-
|*1AL1/W,-
|*1AL2/M,-
|*1AL2/W,-
|*1AL3/W,-
|*1AL4/W,-
|*1AL5/W,-
|*1AL6/W,-
|*1ALAD,-
|*1AMDOC,-
|*1B,-
|*1B1/M,-
|*1B2/M,-
|*1CB,-
|*1CB1/M,-
|*1CB1/W,-
|*1CB2/M,-
|*1CB2/W,-
|*1CB3/W,-
|*1CB4/W,-
|*1CB5/W,-
|*1CB6/W,-
|*1CD,-
|*1CD1/M,-
|*1CD1/W,-
|*1CD2/M,-
|*1CD2/W,-
|*1CD3/W,-
|*1CD4/W,-
|*1CD5/W,-
|*1CD6/W,-
|*1CEOD,-
|*1CL,-
|*1CL1/M,-
|*1CL1/W,-
|*1CL2/M,-
|*1CL2/W,-
|*1CL3/W,-
|*1CL4/W,-
|*1CL5/W,-
|*1CL6/W,-
|*1CY,-
|*1D1/M,-
|*1D2/M,-
|*1DB,-
|*1DC,-
|*1EA,-
|*1F,-
|*1H1/M,-
|*1H1/W,-
|*1H2/M,-
|*1H2/W,-
|*1H3/W,-
|*1H4/W,-
|*1H5/W,-
|*1H6/W,-
|*1HDOC,-
|*1HEOD,-
|*1L,-
|*1L1/M,-
|*1L2/M,-
|*1P1,-
|*1P3D2P,-
|*1PB,-
|*1PB1/M,-
|*1PB1/W,-
|*1PB2/M,-
|*1PB2/W,-
|*1PB3/W,-
|*1PB4/W,-
|*1PB5/W,-
|*1PB6/W,-
|*1PBI,-
|*1PD1/M,-
|*1PD1/W,-
|*1PD2/M,-
|*1PD2/W,-
|*1PD3/W,-
|*1PD4/W,-
|*1PD5/W,-
|*1PD6/W,-
|*1PEOD,-
|*1PL1/M,-
|*1PL1/W,-
|*1PL2/M,-
|*1PL2/W,-
|*1PL3/W,-
|*1PL4/W,-
|*1PL5/W,-
|*1PL6/W,-
|*1PLAD,-
|*1PT,-
|*1T00,-
|*1T01,-
|*1T02,-
|*1T03,-
|*1T04,-
|*1T05,-
|*1T06,-
|*1T07,-
|*1T08,-
|*1T09,-
|*1T10,-
|*1T11,-
|*1T12,-
|*1T13,-
|*1T14,-
|*1T15,-
|*1T16,-
|*1T17,-
|*1T18,-
|*1T19,-
|*1T20,-
|*1T21,-
|*1T22,-
|*1T23,-
|*1T24,-
|*2,-
|*2/W,-
|*21/M,-
|*22/M,-
|*24/M,-
|*250MGW,-
|*2A1,-
|*2ABD,-
|*2ABL,-
|*2ADH,-
|*2ALD,-
|*2ALH,-
|*2BD,-
|*2BL,-
|*2CBD,-
|*2CBH,-
|*2CBL,-
|*2CDH,-
|*2CLD,-
|*2CLH,-
|*2DH,-
|*2EP,-
|*2F,-
|*2LD,-
|*2LH,-
|*2PAD,-
|*2PBD,-
|*2PDH,-
|*2PLH,-
|*2T,-
|*2T0517,-
|*2T0618,-
|*2T0719,-
|*2T0820,-
|*2T0921,-
|*2T1022,-
|*2T1123,-
|*2V,-
|*2WF,-
|*3/W,-
|*30S,-
|*34D,-
|*3A15,-
|*3ABDH,-
|*3ABLD,-
|*3ABLH,-
|*3ALDH,-
|*3C,-
|*3CBDH,-
|*3CBLD,-
|*3CBLH,-
|*3CLDH,-
|*3F,-
|*3MEH,-
|*3MNE,-
|*3MNH,-
|*3NEH,-
|*3PBLD,-
|*3PLDH,-
|*3PT,-
|*4/W,-
|*4A1,-
|*4A15,-
|*4C,-
|*4EIR,-
|*4F,-
|*4PT,-
|*5/W,-
|*56D,-
|*6,-
|*6/W,-
|*ABD,-
|*ABDH,-
|*ABL,-
|*ABLD,-
|*ABLDH,-
|*AMIO,-
|*ASAX,-
|*ASC,-
|*BBB,-
|*BLD,-
|*BLDH,-
|*BOR,-
|*CALC,-
|*CANDID,-
|*CASI,-
|*CAST,-
|*CBD,-
|*CCPBD,-
|*CCPBDH,-
|*CCPBH,-
|*CCPBL,-
|*CCPBLDH,-
|*CCPBLH,-
|*CG210,-
|*CG428,-
|*CMW,-
|*CP,-
|*D01,-
|*D0116,-
|*D02,-
|*D03,-
|*D04,-
|*D05,-
|*D06,-
|*D07,-
|*D08,-
|*D09,-
|*D10,-
|*D11,-
|*D12,-
|*D13,-
|*D14,-
|*D15,-
|*D16,-
|*D17,-
|*D18,-
|*D19,-
|*D20,-
|*D21,-
|*D22,-
|*D23,-
|*D24,-
|*D25,-
|*D26,-
|*D27,-
|*D28,-
|*D29,-
|*D30,-
|*DAY,-
|*DILU,-
|*DIP1,-
|*DOB,-
|*DOP,-
|*DXXX,-
|*E,-
|*E___X1A,-
|*E___X1H,-
|*E___X1P,-
|*E___X1PD,-
|*E___X2A,-
|*E___X2P,-
|*E__X2PBL,-
|*E1/4X1P,-
|*E1/4X2P,-
|*E1005P,-
|*E105,-
|*E105P,-
|*E1H5W,-
|*E1HMF,-
|*E1X1/W,-
|*E1X1A,-
|*E1X1ACD,-
|*E1X1AD,-
|*E1X1H,-
|*E1X1HAD,-
|*E1X1P,-
|*E1X1PAD,-
|*E1X1PD,-
|*E1X1PDAD,-
|*E1X2A,-
|*E1X2P,-
|*E1X2PBL,-
|*E1X3A,-
|*E1X3P,-
|*E1X3P2H,-
|*E1X4A,-
|*E1X4P,-
|*E1XH,-
|*E1XHTTSS,-
|*E1XQ12,-
|*E1XQ6,-
|*E2X1A,-
|*E2X1H,-
|*E2X1P,-
|*E2X2P,-
|*E2X3A,-
|*E2X3P,-
|*E2X4P,-
|*E2XH,-
|*E2XHMWF,-
|*E2XQ6,-
|*E3X1A,-
|*E3X1H,-
|*E3XH,-
|*E4P,-
|*E5*PA,-
|*E5X1A,-
|*E5X1H,-
|*E5X1P,-
|*E5X1PD,-
|*E5X2,-
|*E5X2A,-
|*E5X2P,-
|*E5XPAL,-
|*EC,-
|*EC1X3P,-
|*ECP,-
|*EDC,-
|*EDCQ,-
|*EE,-
|*EEAR,-
|*EEARQ,-
|*EED,-
|*EEDQ,-
|*EEO,-
|*EEOQ,-
|*EHD,-
|*EIN,-
|*ELOZ,-
|*EMS,-
|*EMSQ,-
|*END,-
|*ENDQ,-
|*ENS,-
|*ENSQ,-
|*EOCA,-
|*EOCP,-
|*EOCQ,-
|*EOD,-
|*EOM,-
|*EOTA,-
|*EOTP,-
|*EOTQ,-
|*EPBDH,-
|*EPBLD,-
|*EPRN,-
|*ERS,-
|*ERSQ,-
|*ES*1P,-
|*ESL,-
|*ETAH,-
|*ETB,-
|*ETBA,-
|*ETBD,-
|*ETBP,-
|*ETBQ,-
|*ETEA,-
|*ETEH,-
|*ETEP,-
|*ETEQ,-
|*ETW,-
|*EVEN,-
|*EVRA,-
|*EVS,-
|*EVSQ,-
|*EW1X2A,-
|*EWSA,-
|*EWSP,-
|*EWSQ,-
|*EWTA,-
|*EWTP,-
|*EWTQ,-
|*EX2,-
|*EX2A,-
|*EX3M,-
|*EXQ,-
|*F30G,-
|*FSB,-
|*H,-
|*H+ST,-
|*H30,-
|*HOTHER,-
|*I6,-
|*INF.08,-
|*INF0.4,-
|*INF24,-
|*INF6,-
|*INFQHD,-
|*INJT,-
|*INSC,-
|*INV6M,-
|*IQ,-
|*IQ1,-
|*IQCC,-
|*IU/W,-
|*IUDOC,-
|*IUDT,-
|*IUE,-
|*M3,-
|*MAKW,-
|*MCG/D,-
|*MCG/W,-
|*MCG1/W,-
|*MELA,-
|*MG1/D,-
|*MGDOC,-
|*MGQD,-
|*MGQH,-
|*MGQW,-
|*MGSO4,-
|*MILR,-
|*MIX,-
|*ML/D,-
|*ML1/D,-
|*MLDOC,-
|*MO,-
|*NF,-
|*NGLY,-
|*NMGDOC,-
|*NORE,-
|*NSS,-
|*ODD,-
|*OILX,-
|*OSPED,-
|*OVI,-
|*OX,-
|*PA1,-
|*PA2,-
|*PBD,-
|*PBDH,-
|*PBLD,-
|*PBLDH,-
|*PBLH,-
|*PICO,-
|*POST,-
|*PREVNA,-
|*Q,-
|*Q1,-
|*Q1/2,-
|*Q10MIN,-
|*Q12ST00,-
|*Q12ST02,-
|*Q12ST06,-
|*Q12ST08,-
|*Q12ST10,-
|*Q1M,-
|*Q1MAD01,-
|*Q1MAD02,-
|*Q1MAD03,-
|*Q1MAD04,-
|*Q1MAD05,-
|*Q1MAD06,-
|*Q1MAD07,-
|*Q1MAD08,-
|*Q1MAD09,-
|*Q1MAD10,-
|*Q1MAD11,-
|*Q1MAD12,-
|*Q1MAD13,-
|*Q1MAD14,-
|*Q1MAD15,-
|*Q1MAD16,-
|*Q1MAD17,-
|*Q1MAD18,-
|*Q1MAD19,-
|*Q1MAD20,-
|*Q1MAD21,-
|*Q1MAD22,-
|*Q1MAD23,-
|*Q1MAD24,-
|*Q1MAD25,-
|*Q1MAD26,-
|*Q1MAD27,-
|*Q1MAD28,-
|*Q1MAD29,-
|*Q1MAD30,-
|*Q1MD01,-
|*Q1MD02,-
|*Q1MD03,-
|*Q1MD04,-
|*Q1MD05,-
|*Q1MD06,-
|*Q1MD07,-
|*Q1MD08,-
|*Q1MD09,-
|*Q1MD10,-
|*Q1MD11,-
|*Q1MD12,-
|*Q1MD13,-
|*Q1MD14,-
|*Q1MD15,-
|*Q1MD16,-
|*Q1MD17,-
|*Q1MD18,-
|*Q1MD19,-
|*Q1MD20,-
|*Q1MD21,-
|*Q1MD22,-
|*Q1MD23,-
|*Q1MD24,-
|*Q1MD25,-
|*Q1MD26,-
|*Q1MD27,-
|*Q1MD28,-
|*Q1MD29,-
|*Q1MD30,-
|*Q2M,-
|*Q2MI,-
|*Q2ST00,-
|*Q2ST01,-
|*Q36,-
|*Q3M,-
|*Q45,-
|*Q48,-
|*Q4ST00,-
|*Q4ST02,-
|*Q4W,-
|*Q5MCP,-
|*Q5MIN,-
|*Q63ST05,-
|*Q63ST06,-
|*Q6M,-
|*Q6ST00,-
|*Q6ST02,-
|*Q6ST04,-
|*Q6ST05,-
|*Q72,-
|*Q8ST00,-
|*Q8ST02,-
|*Q8ST04,-
|*Q8ST06,-
|*RESO,-
|*S105A,-
|*S1P,-
|*S201A,-
|*S201P,-
|*S501A,-
|*S501P,-
|*SAP,-
|*SCABTH,-
|*SMGQH,-
|*STAT,-
|*SWI,-
|*SYNFLO,-
|*TD,-
|*TDI,-
|*TRIP,-
|*TTDX,-
|*U/DA,-
|*U1,-
|*UABD,-
|*UB,-
|*UBDA,-
|*VICH,-
|*ZNP,-
|1*3P,-
|BBB*2,-
|BBB*DOC,-
|BBB*H,-
|BBB*PRN,-
|CAST*2,-
|DEM*1H,-
|DEM*2,-
|DHA*PRN,-
|DKON*PRN,-
|DRA*H,-
|DRL*H,-
|DSKN*2,-
|DSKN*DOC,-
|DSKN*H,-
|DSKN*PRN,-
|NSS*2,-
|OSPED*3,-
|WF*2,-
|WF*DOC,-
AF|*2,-
AF|*H*2,-
AF|*H*B,-
AF|*H*H,-
AF|DFA*1H,-
AF|DFA*2,-
AF|DFA*H,-
AF|DWF*PRN,-
BE|1*2,-
BP|*H*H,-
CL|*1,-
CL|*2,-
D2|DNAOCC*H,-
DABC|*PRN,-
DABC|DABC*2,-
DABC|DABC*DOC,-
DABC|DLIP*DOC,-
DABC|DPA*2,-
DABC|DPA*DOC,-
DAC|DAC*2,-
DAC|DAC*H,-
DAC|DACA*2,-
DBB|DBB*2,-
DBB|DBB*H,-
DBB|DFA*B,-
DBB|DFA*H,-
DC|*2,-
DC|*3A,-
DC|*PRN,-
DC|2D*1,-
DC|2D*2,-
DC|2D*2D,-
DC|2D*3,-
DC|2D*H,-
DC|2D*PRN,-
DC|DA*2,-
DC|DAA*2,-
DC|DAL*1,-
DC|DAL*2,-
DC|DB*2,-
DC|DBAL*2,-
DC|DBB*2,-
DC|DBB*H,-
DC|DBO*2,-
DC|DBT*2,-
DC|DD*2,-
DC|DD*3,-
DC|DD*DOC,-
DC|DEL*2,-
DC|DFA*1,-
DC|DFA*1H,-
DC|DFA*2,-
DC|DFA*H,-
DC|DFO*2,-
DC|DH*2,-
DC|DHA*2,-
DC|DHAFO*2,-
DC|DHH*2,-
DC|DIT*1,-
DC|DIT*2,-
DC|DIT*3,-
DC|DIT*DOC,-
DC|DIT*PRN,-
DC|DITT*2,-
DC|DK*2,-
DC|DKON*2,-
DC|DKON*PRN,-
DC|DKP*2,-
DC|DKP*DOC,-
DC|DL*2,-
DC|DLA*2,-
DC|DLN*2,-
DC|DNA*2,-
DC|DNE*1,-
DC|DNE*2,-
DC|DNN*2,-
DC|DPA*2,-
DC|DPB*2,-
DC|DRA*2,-
DC|DRA*3,-
DC|DRA*DOC,-
DC|DRA*H,-
DC|DRA*PRN,-
DC|DRABO*2,-
DC|DRAF*1,-
DC|DRAF*2,-
DC|DRAF*DOC,-
DC|DRAFF*2,-
DC|DRAH*2,-
DC|DRAL*2,-
DC|DRN*2,-
DC|DRR*2,-
DC|DSC*2,-
DC|DSC*DOC,-
DC|DSKN*1,-
DC|DSKN*2,-
DC|DSKN*H,-
DC|DSON*H,-
DC|DT*2,-
DC|DT*DOC,-
DC|DT*OD,-
DC|DTUM*1,-
DC|DTUM*2,-
DC|DUT*2,-
DC|DUT*DOC,-
DC|DV*2,-
DC|DV*H,-
DC|DYON*2,-
DC|DYON*3,-
DC|DYON*DOC,-
DC|MAK*1,-
DC|MAK*3W,-
DC|MAK*DOC,-
DC|prn*Q8,-
DEM|DAL*PRN,-
DEM|DCH*2,-
DEM|DEM*2,-
DEM|DEM*PRN,-
DEM|DFFO*2,-
DEM|DFO*2,-
DEM|DHA*2,-
DEM|DHAFO*2,-
DEM|DHAFO*PRN,-
DEM|DNA*H,-
DEM|DRA*PRN,-
DEM|DSKN*2,-
DFA|*2,-
DFA|*PRN,-
DFA|DEM*DOC,-
DFA|DFA*H,-
DFA|DSKN*2,-
DFA|DSKN*H,-
DFFO|DFFO*H,-
DG|*2D,-
DG|*PRN,-
DG|2D*H,-
DG|DB*2D,-
DH|*2,-
DH|DH*2,-
DH|DRA*2,-
DIT|DIT*2,-
DIT|DIT*2D,-
DIT|DIT*3,-
DIT|DIT*PRN,-
DIT|DRA*2,-
DIT|DRA*2D,-
DP|DCH*2,-
DP|DHA*2,-
DP|DHAFO*2,-
DP|DRA*2,-
DP|DRABO*2,-
DP|DRABO*DOC,-
DP|DT*2,-
DP|DTUM*2,-
DP|DYON*2,-
DRTAH|1D*H,-
DRTAH|DAC*1H,-
DRTAH|DAC*2,-
DRTAH|DAC*H,-
DRTAH|DFA*H,-
DRTAH|DRTAH*1H,-
DRTAH|DRTAH*D121W,-
DRTAH|DRTAH*H,-
DS|B*2,-
DS|DA*B,-
DSKN|DAB*2,-
DSKN|DAB*DOC,-
DSKN|DAL*2,-
DSKN|DBO*1,-
DSKN|DBO*2,-
DSKN|DBO*DOC,-
DSKN|Ddc*2,-
DSKN|DEB*2D,-
DSKN|DEM*2,-
DSKN|DEM*DOC,-
DSKN|DEM*H,-
DSKN|DFA*2,-
DSKN|DL*2,-
DSKN|DL*DOC,-
DSKN|DLA*2,-
DSKN|DRA*2,-
DSKN|DSK*2,-
DSKN|DSKN*1,-
DSKN|DSKN*2,-
DSKN|DSKN*B,-
DSKN|DSKN*DOC,-
DSKN|DSKN*PRN,-
DSKN|DSKNP*2,-
DSKN|DSKNP*PRN,-
DW|DFO*H,-
DW|DHA*1H,-
DW|DITT*H,-
DW|DRA*H,-
DW|DW*2,-
DW|DW*H,-
DW|DW*H/W,-
DX|DFA*2,-
DX|DLE*2,-
DX|DNN*3,-
DX|DPA*2,-
DX|DRA*2,-
DX|DRA*DOC,-
DX|DSC*2,-
DX|DT*1,-
DX|DT*2,-
DY|*1,-
DY|*2,-
DY|*PRN,-
DY|DBT*4,-
DY|DBT*PRN,-
DY|DD*1,-
DY|DD*DOC,-
DY|DD1*2,-
DY|DIT*2,-
DY|DITT*1,-
DY|DKON*2,-
DY|DKON*PRN,-
DY|DKP*1,-
DY|DLN*2,-
DY|DNE*2,-
DY|DRA*1,-
DY|DRA*2,-
DY|DRA*H,-
DY|DRA*OD,-
DY|DRAF*1,-
DY|DRAH*2,-
DY|DRN*H,-
DY|DTUM*1,-
DY|DYON*1,-
DZ|2D*1,-
DZ|2D*H,-
DZ|2D*PRN,-
DZ|DAC*2,-
DZ|DB*2,-
DZ|DCH*2,-
DZ|DFA*2,-
DZ|DFA*H,-
EC|*1,-
EO|*H*2,-
EO|*H*H,-
EO|H*2,-
EO|PA*DOC,-
FBB|1*1,-
FL|FL*1H,-
FL|FL*2P,-
FL|FL*3P,-
FL|FL*H,-
IJ|2 ml*3W,-
MP|*3A,-
MW|*2P,-
MW|*3P,-
MW|*4P,-
MW|*H,-
NB|1*1,-
NB|1/2*1,-
ND|3-5*2,-
ND|3-5*PRN,-
O|1*1,-
O|1*1A,-
O|1*1H,-
O|1*1P,-
O|1*1PAD,-
O|1*1PD,-
O|1*1PDAD,-
O|1*1T,-
O|1*2,-
O|1*2P,-
O|1*2PBH,-
O|1*2PBL,-
O|1*3A1/2,-
O|1*3P,-
O|1*3P1,-
O|1*3PBLH,-
O|1*4P,-
O|1*B,-
O|1*H,-
O|1*HS,-
O|1*OD,-
O|1*Q6,-
O|1*Q8,-
O|1/2*1H,-
O|1/2*1P,-
O|1/2*2P,-
O|1/2*3A,-
O|1/2*3P,-
O|1/2*4,-
O|1/2*4P,-
O|1/2*H,-
O|1/4*3P,-
O|1/4*4P,-
O|2*1A,-
O|2*1H,-
O|2*1P,-
O|2*2P,-
O|2*2PBH,-
O|2*2PBL,-
O|2*3P,-
O|2*H,-
O|3*2P,-
O|3/4*1H,-
O|3/4*1P,-
O|3/4*3P,-
O|4*1P,-
O|7*2P,-
O|CB*1P,-
ON|*2,-
ON|*3A,-
ON|*4A,-
ON|1*4P,-
OP|1*1A1/2,-
OP|2*1A1/2,-
OP|3*1A1/2,-
OP|4*1A1/2,-
OZ|1*1P,-
PS|1*2,-
RN|*2,-
RN|*2BH,-
RN|1*1,-
RN|1*1D,-
RN|1H*1H,-
RN|2DBD*1,-
RN|2DBD*3,-
RN|2DBD*4,-
RN|2DBD*DOC,-
RN|2DBD*H,-
RN|2DBD*OD,-
RN|2DBD*PRN,-
RN|50 ml*2D,-
RN|BUR*2,-
RN|MW*DOC,-
RN|NSS*DOC,-
SC|*H,-
SC|*Q12,-
SC|10*1H,-
SC|50 mg*Q12,-
SC|UABD*DOC,-
SP|3W*3W,-
SP|AD*1,-
SP|AD*2,-
SP|AD*3W,-
SP|AD*PRN,-
SP|OD*H,-
TV|DBO*H,-
VC|1*2,-